﻿<?xml version="1.0" encoding="utf-8"?>
<Orders>
  <Order>
    <Id>1</Id>
    <DocumentId>1</DocumentId>
    <ClientId>1</ClientId>
    <ImplementerId>null</ImplementerId>
    <Count>2</Count>
    <Sum>4000.00</Sum>
    <Status>Готов</Status>
    <DateCreate>2021-04-25T12:01:06.350256</DateCreate>
    <DateImplement>2021-04-25T12:03:00.6018867</DateImplement>
  </Order>
  <Order>
    <Id>2</Id>
    <DocumentId>1</DocumentId>
    <ClientId>1</ClientId>
    <ImplementerId>null</ImplementerId>
    <Count>3</Count>
    <Sum>6000.00</Sum>
    <Status>Готов</Status>
    <DateCreate>2021-04-25T12:02:22.3576398</DateCreate>
    <DateImplement>2021-04-25T12:03:00.7437903</DateImplement>
  </Order>
  <Order>
    <Id>3</Id>
    <DocumentId>1</DocumentId>
    <ClientId>1</ClientId>
    <ImplementerId>null</ImplementerId>
    <Count>4</Count>
    <Sum>8000.00</Sum>
    <Status>Готов</Status>
    <DateCreate>2021-04-25T12:02:31.0389347</DateCreate>
    <DateImplement>2021-04-25T12:03:00.9032433</DateImplement>
  </Order>
  <Order>
    <Id>4</Id>
    <DocumentId>1</DocumentId>
    <ClientId>1</ClientId>
    <ImplementerId>2</ImplementerId>
    <Count>5</Count>
    <Sum>10000.00</Sum>
    <Status>Готов</Status>
    <DateCreate>2021-04-25T12:13:32.7968744</DateCreate>
    <DateImplement>2021-04-25T12:21:09.7675107</DateImplement>
  </Order>
  <Order>
    <Id>5</Id>
    <DocumentId>1</DocumentId>
    <ClientId>1</ClientId>
    <ImplementerId>1</ImplementerId>
    <Count>6</Count>
    <Sum>12000.00</Sum>
    <Status>Готов</Status>
    <DateCreate>2021-04-25T12:21:31.3135018</DateCreate>
    <DateImplement>2021-04-25T12:21:34.3441325</DateImplement>
  </Order>
  <Order>
    <Id>6</Id>
    <DocumentId>1</DocumentId>
    <ClientId>1</ClientId>
    <ImplementerId>1</ImplementerId>
    <Count>4</Count>
    <Sum>8000.00</Sum>
    <Status>Готов</Status>
    <DateCreate>2021-05-03T23:24:57.7028515</DateCreate>
    <DateImplement>2021-05-03T23:25:12.4696425</DateImplement>
  </Order>
  <Order>
    <Id>7</Id>
    <DocumentId>1</DocumentId>
    <ClientId>1</ClientId>
    <ImplementerId>1</ImplementerId>
    <Count>7</Count>
    <Sum>14000.00</Sum>
    <Status>Готов</Status>
    <DateCreate>2021-05-05T10:43:08.7117221</DateCreate>
    <DateImplement>2021-05-05T11:09:06.9893639</DateImplement>
  </Order>
  <Order>
    <Id>8</Id>
    <DocumentId>1</DocumentId>
    <ClientId>1</ClientId>
    <ImplementerId>2</ImplementerId>
    <Count>8</Count>
    <Sum>16000.00</Sum>
    <Status>Готов</Status>
    <DateCreate>2021-05-05T10:44:54.5584069</DateCreate>
    <DateImplement>2021-05-05T11:09:47.4886287</DateImplement>
  </Order>
  <Order>
    <Id>9</Id>
    <DocumentId>1</DocumentId>
    <ClientId>2</ClientId>
    <ImplementerId>1</ImplementerId>
    <Count>1</Count>
    <Sum>2000.00</Sum>
    <Status>Готов</Status>
    <DateCreate>2021-05-05T10:56:11.0469622</DateCreate>
    <DateImplement>2021-05-05T11:09:54.5126001</DateImplement>
  </Order>
  <Order>
    <Id>10</Id>
    <DocumentId>1</DocumentId>
    <ClientId>2</ClientId>
    <ImplementerId>1</ImplementerId>
    <Count>3</Count>
    <Sum>6000.00</Sum>
    <Status>Готов</Status>
    <DateCreate>2021-05-05T11:13:29.1715165</DateCreate>
    <DateImplement>2021-05-15T12:07:31.4106903</DateImplement>
  </Order>
  <Order>
    <Id>11</Id>
    <DocumentId>1</DocumentId>
    <ClientId>2</ClientId>
    <ImplementerId>2</ImplementerId>
    <Count>3</Count>
    <Sum>6000.00</Sum>
    <Status>Готов</Status>
    <DateCreate>2021-05-05T11:13:46.976225</DateCreate>
    <DateImplement>2021-05-15T12:07:31.5825594</DateImplement>
  </Order>
  <Order>
    <Id>12</Id>
    <DocumentId>1</DocumentId>
    <ClientId>2</ClientId>
    <ImplementerId>1</ImplementerId>
    <Count>3</Count>
    <Sum>6000.00</Sum>
    <Status>Готов</Status>
    <DateCreate>2021-05-05T11:21:02.2989545</DateCreate>
    <DateImplement>2021-05-15T12:07:31.7075407</DateImplement>
  </Order>
  <Order>
    <Id>13</Id>
    <DocumentId>1</DocumentId>
    <ClientId>2</ClientId>
    <ImplementerId>2</ImplementerId>
    <Count>4</Count>
    <Sum>8000.00</Sum>
    <Status>Готов</Status>
    <DateCreate>2021-05-05T11:29:38.0108653</DateCreate>
    <DateImplement>2021-05-15T12:07:31.7856031</DateImplement>
  </Order>
  <Order>
    <Id>14</Id>
    <DocumentId>1</DocumentId>
    <ClientId>1</ClientId>
    <ImplementerId>2</ImplementerId>
    <Count>4</Count>
    <Sum>8000.00</Sum>
    <Status>Готов</Status>
    <DateCreate>2021-05-05T11:43:03.5298891</DateCreate>
    <DateImplement>2021-05-15T12:07:32.0359062</DateImplement>
  </Order>
</Orders>