[{"Client":null,"ClientId":1,"Count":2,"DateCreate":"\/Date(1619337666350+0400)\/","DateImplement":"\/Date(1619337780601+0400)\/","Document":null,"DocumentId":1,"Id":1,"Implementer":null,"ImplementerId":null,"Status":2,"Sum":4000.00},{"Client":null,"ClientId":1,"Count":3,"DateCreate":"\/Date(1619337742357+0400)\/","DateImplement":"\/Date(1619337780743+0400)\/","Document":null,"DocumentId":1,"Id":2,"Implementer":null,"ImplementerId":null,"Status":2,"Sum":6000.00},{"Client":null,"ClientId":1,"Count":4,"DateCreate":"\/Date(1619337751038+0400)\/","DateImplement":"\/Date(1619337780903+0400)\/","Document":null,"DocumentId":1,"Id":3,"Implementer":null,"ImplementerId":null,"Status":2,"Sum":8000.00},{"Client":null,"ClientId":1,"Count":5,"DateCreate":"\/Date(1619338412796+0400)\/","DateImplement":"\/Date(1619338869767+0400)\/","Document":null,"DocumentId":1,"Id":4,"Implementer":null,"ImplementerId":2,"Status":2,"Sum":10000.00},{"Client":null,"ClientId":1,"Count":6,"DateCreate":"\/Date(1619338891313+0400)\/","DateImplement":"\/Date(1619338894344+0400)\/","Document":null,"DocumentId":1,"Id":5,"Implementer":null,"ImplementerId":1,"Status":2,"Sum":12000.00},{"Client":null,"ClientId":1,"Count":4,"DateCreate":"\/Date(1620069897702+0400)\/","DateImplement":"\/Date(1620069912469+0400)\/","Document":null,"DocumentId":1,"Id":6,"Implementer":null,"ImplementerId":1,"Status":2,"Sum":8000.00},{"Client":null,"ClientId":1,"Count":7,"DateCreate":"\/Date(1620196988711+0400)\/","DateImplement":"\/Date(1620198546989+0400)\/","Document":null,"DocumentId":1,"Id":7,"Implementer":null,"ImplementerId":1,"Status":2,"Sum":14000.00},{"Client":null,"ClientId":1,"Count":8,"DateCreate":"\/Date(1620197094558+0400)\/","DateImplement":"\/Date(1620198587488+0400)\/","Document":null,"DocumentId":1,"Id":8,"Implementer":null,"ImplementerId":2,"Status":2,"Sum":16000.00},{"Client":null,"ClientId":2,"Count":1,"DateCreate":"\/Date(1620197771046+0400)\/","DateImplement":"\/Date(1620198594512+0400)\/","Document":null,"DocumentId":1,"Id":9,"Implementer":null,"ImplementerId":1,"Status":2,"Sum":2000.00},{"Client":null,"ClientId":2,"Count":3,"DateCreate":"\/Date(1620198809171+0400)\/","DateImplement":"\/Date(1621066051410+0400)\/","Document":null,"DocumentId":1,"Id":10,"Implementer":null,"ImplementerId":1,"Status":2,"Sum":6000.00},{"Client":null,"ClientId":2,"Count":3,"DateCreate":"\/Date(1620198826976+0400)\/","DateImplement":"\/Date(1621066051582+0400)\/","Document":null,"DocumentId":1,"Id":11,"Implementer":null,"ImplementerId":2,"Status":2,"Sum":6000.00},{"Client":null,"ClientId":2,"Count":3,"DateCreate":"\/Date(1620199262298+0400)\/","DateImplement":"\/Date(1621066051707+0400)\/","Document":null,"DocumentId":1,"Id":12,"Implementer":null,"ImplementerId":1,"Status":2,"Sum":6000.00},{"Client":null,"ClientId":2,"Count":4,"DateCreate":"\/Date(1620199778010+0400)\/","DateImplement":"\/Date(1621066051785+0400)\/","Document":null,"DocumentId":1,"Id":13,"Implementer":null,"ImplementerId":2,"Status":2,"Sum":8000.00},{"Client":null,"ClientId":1,"Count":4,"DateCreate":"\/Date(1620200583529+0400)\/","DateImplement":"\/Date(1621066052035+0400)\/","Document":null,"DocumentId":1,"Id":14,"Implementer":null,"ImplementerId":2,"Status":2,"Sum":8000.00}]